{
    "avg_precision": 0.1946682224646688,
    "roc_auc": 0.8976568001877974
}