{
    "avg_precision": 0.1899181778469303,
    "roc_auc": 0.8946499071683135
}